"LIBRARYREFERENCE","FOOTPRINT1","ACCESSORY TYPE","APPLICATIONS","APPROVALS","ATTACHMENT METHOD","CAPACITANCE","CAPACITANCE @ VR, F","CATEGORY","CATEGORY 1","CATEGORY 2","CLAMP MATERIAL - PLATING","COLOR","COMMENT","COMPONENTLINK1DESCRIPTION","COMPONENTLINK1URL","COMPONENTLINK2DESCRIPTION","COMPONENTLINK2URL","COMPOSITION","CONNECTOR TYPE","CONTACT FINISH","CONTACT FINISH - MATING","CONTACT FINISH - POST","CONTACT FINISH THICKNESS","CONTACT FINISH THICKNESS - MATING","CONTACT FINISH THICKNESS - POST","CONTACT LENGTH - MATING","CONTACT LENGTH - POST","CONTACT MATERIAL","CONTACT MATERIAL - PLATING","CONTACT MATING LENGTH","CONTACT SHAPE","CONTACT TYPE","CURRENT","CURRENT - AVERAGE RECTIFIED (IO)","CURRENT - CONTINUOUS DRAIN (ID) @ 25°C","CURRENT - DC FORWARD (IF) (MAX)","CURRENT - REVERSE LEAKAGE @ VR","CURRENT - STARTUP","CURRENT - STEADY STATE MAX","CURRENT - SURGE","CURRENT RATING","CURRENT RATING (MAX)","DC RESISTANCE (DCR) (MAX)","DESCRIPTION 1","DESCRIPTION 2","DIAMETER","DIELECTRIC MATERIAL","DIODE","DIODE TYPE","DRAIN TO SOURCE VOLTAGE (VDSS)","DRIVE VOLTAGE (MAX RDS ON,  MIN RDS ON)","ENERGY","ESR (EQUIVALENT SERIES RESISTANCE)","FAILURE RATE","FASTENING TYPE","FEATURES","FET FEATURE","FET TYPE","FILTER TYPE","FOR USE WITH/RELATED PRODUCTS","FREQUENCY - SWITCHING","FUSE SIZE","FUSE TYPE","FUSEHOLDER TYPE","GATE CHARGE (QG) (MAX) @ VGS","HEIGHT - SEATED (MAX)","HEIGHT (MAX)","HEIGHT OFF BASE (HEIGHT OF FIN)","HOUSING MATERIAL","IC NAME","IMPEDANCE","IMPEDANCE @ FREQUENCY","INDUCTANCE @ FREQUENCY","INGRESS PROTECTION","INPUT CAPACITANCE (CISS) (MAX) @ VDS","INSULATION COLOR","INSULATION HEIGHT","INSULATION MATERIAL","LEAD SPACING","LEAD STYLE","LENGTH","LIFETIME @ TEMP.","MANUFACTURER","MANUFACTURER 1","MANUFACTURER 2","MANUFACTURER PART NUMBER","MANUFACTURER PART NUMBER 1","MANUFACTURER PART NUMBER 2","MATED STACKING HEIGHTS","MATERIAL","MATERIAL - BODY","MATERIAL - INSULATION","MATERIAL FINISH","MATERIAL FLAMMABILITY RATING","MATING ORIENTATION","MAXIMUM AC VOLTS","MAXIMUM DC VOLTS","MODE","MOUNTING TYPE","NUMBER OF CIRCUITS","NUMBER OF LEVELS","NUMBER OF LINES","NUMBER OF POSITIONS","NUMBER OF POSITIONS LOADED","NUMBER OF ROWS","NUMBER OF TERMINATIONS","OPERATING TEMPERATURE","OPERATING TEMPERATURE - JUNCTION","ORIENTATION","OVERALL CONTACT LENGTH","PACKAGE / CASE","PACKAGE COOLED","PACKAGING","PART STATUS","PITCH","PITCH - MATING","PLATING","POLARIZATION","POSITIONS PER LEVEL","POWER (WATTS)","POWER DISSIPATION (MAX)","POWER DISSIPATION @ TEMPERATURE RISE","PRICING 1","PRICING 2","R @ 25°C","R @ CURRENT","RATINGS","RDS ON (MAX) @ ID, VGS","RESISTANCE","RESISTANCE (OHMS)","REVERSE RECOVERY TIME (TRR)","RIPPLE CURRENT","ROHS","ROHS 1","ROHS 2","ROW SPACING","ROW SPACING - MATING","SCREW MATERIAL - PLATING","SCREW THREAD","SHAPE","SHROUDING","SIZE / DIMENSION","SPEED","STOCK 1","STOCK 2","STYLE","SUPPLIER 1","SUPPLIER 2","SUPPLIER DEVICE PACKAGE","SUPPLIER PART NUMBER 1","SUPPLIER PART NUMBER 2","SURFACE MOUNT LAND SIZE","TECHNOLOGY","TEMPERATURE COEFFICIENT","TERMINATION","TERMINATION STYLE","THERMAL RESISTANCE @ FORCED AIR FLOW","THERMAL RESISTANCE @ NATURAL","THICKNESS (MAX)","TOLERANCE","TORQUE - SCREW","TYPE","VARISTOR VOLTAGE (MAX)","VARISTOR VOLTAGE (MIN)","VARISTOR VOLTAGE (TYP)","VGS (MAX)","VGS(TH) (MAX) @ ID","VOLTAGE","VOLTAGE - DC REVERSE (VR) (MAX)","VOLTAGE - FORWARD (VF) (MAX) @ IF","VOLTAGE - PEAK REVERSE (MAX)","VOLTAGE - RATED","VOLTAGE - SUPPLY","VOLTAGE RATING","VOLTAGE RATING - AC","VOLTAGE RATING - DC","WIDTH","WIRE GAUGE","WIRE TERMINATION","SHEETPART","DESIGNATOR","DESCRIPTION"
"06031C102KAT2A","CAP0603","","General Purpose","","","1000pF","","","Capacitors","","","","*","http://datasheets.avx.com/X7RDielectric.pdf","http://datasheets.avx.com/X7RDielectric.pdf","","","","","","","","","","","","","","","","","","","","","","","","","","","","","CAP CER 1000PF 100V X7R 0603","","","","","","","","","","","","-","","","","","","","","","","-","","","","","","","","","","","","","-","-","","","","AVX Corporation","","","06031C102KAT2A","","","","","","","","","","","","Surface Mount, MLCC","","","","","","","","-55°C ~ 125°C","","","","0603 (1608 Metric)","","Cut Tape (CT)","Active","","","","","","","","","1=0.1, 10=0.037, 25=0.0268, 50=0.0202, 100=0.0165, 250=0.01376, 500=0.01176, 1000=0.00924 (USD)","","","","-","","","","","","","RoHS Compliant","","","","","","","","0.063" L x 0.032" W (1.60mm x 0.81mm)","","182503","","","Digi-Key","","","478-1199-1-ND","","","","X7R","","","","","0.035" (0.90mm)","±10%","","","","","","","","","","","","100V","","","","","","","","*","C?","CAP CER 1000PF 100V X7R 0603"
"06035C104KAT2A","CAP0603","","General Purpose","","","0.10µF","","","Capacitors","","","","*","http://datasheets.avx.com/X7RDielectric.pdf","http://datasheets.avx.com/X7RDielectric.pdf","","","","","","","","","","","","","","","","","","","","","","","","","","","","","CAP CER 0.1UF 50V X7R 0603","","","","","","","","","","","","-","","","","","","","","","","-","","","","","","","","","","","","","-","-","","","","AVX Corporation","","","06035C104KAT2A","","","","","","","","","","","","Surface Mount, MLCC","","","","","","","","-55°C ~ 125°C","","","","0603 (1608 Metric)","","Digi-Reel®","Active","","","","","","","","","1=0.1, 10=0.037, 25=0.0268, 50=0.0202, 100=0.0165, 250=0.01376, 500=0.01176, 1000=0.00924 (USD)","","","","-","","","","","","","RoHS Compliant","","","","","","","","0.063" L x 0.032" W (1.60mm x 0.81mm)","","1164910","","","Digi-Key","","","478-5052-6-ND","","","","X7R","","","","","0.035" (0.90mm)","±10%","","","","","","","","","","","","50V","","","","","","","","*","C?","CAP CER 0.1UF 50V X7R 0603"
"12065C104KAT2A","CAP1206","","General Purpose","","","0.10µF","","","Capacitors","","","","*","http://datasheets.avx.com/X7RDielectric.pdf","http://datasheets.avx.com/X7RDielectric.pdf","","","","","","","","","","","","","","","","","","","","","","","","","","","","","CAP CER 0.1UF 50V X7R 1206","","","","","","","","","","","","-","","","","","","","","","","-","","","","","","","","","","","","","-","-","","","","AVX Corporation","","","12065C104KAT2A","","","","","","","","","","","","Surface Mount, MLCC","","","","","","","","-55°C ~ 125°C","","","","1206 (3216 Metric)","","Cut Tape (CT)","Active","","","","","","","","","1=0.1, 10=0.073, 25=0.0528, 50=0.0412, 100=0.0341, 250=0.02824, 500=0.02392, 1000=0.0198 (USD)","","","","-","","","","","","","RoHS Compliant","","","","","","","","0.126" L x 0.063" W (3.20mm x 1.60mm)","","1310883","","","Digi-Key","","","478-1556-1-ND","","","","X7R","","","","","0.037" (0.94mm)","±10%","","","","","","","","","","","","50V","","","","","","","","*","C?","CAP CER 0.1UF 50V X7R 1206"
"1935776","CONN_1935776","","","","","","","","Connectors, Interconnects","","-","Green","*","http://media.digikey.com/pdf/Data%20Sheets/Phoenix%20Contact%20PDFs/COMBICON%20Compact%20PT2,5.pdf","http://media.digikey.com/pdf/Data%20Sheets/Phoenix%20Contact%20PDFs/COMBICON%20Compact%20PT2,5.pdf","","","","","","","","","","","","","","-","","","","20A","","","","","","","","","","","CONN TERM BLOCK 2POS 5.0MM","","","","","","","","","","","","Interlocking (Side)","","","","","","","","","","","","","Polyamide (PA), Nylon","","","","","","","","","","","","","","","Phoenix Contact","","","1935776","","","","","","","","Horizontal with Board","","","","Through Hole","","1","","","","","","-","","","","","","Bulk","Active","0.197" (5.00mm)","","","","2","","","","1=0.43, 10=0.411, 50=0.3928, 100=0.382, 250=0.357, 500=0.32844, 1000=0.2975 (USD)","","","","","","","","","","","RoHS Compliant","","","","-","M3","","","","","5591","","","Digi-Key","","","277-6405-ND","","","","","","","","","","","0.45-0.5 Nm (3.9-4.4 Lb-In)","","","","","","","300V","","","","","","","","","","12-20 AWG","Screw","*","CN?","CONN TERM BLOCK 2POS 5.0MM"
"1935789","CONN_1935789","","","","","","","","Connectors, Interconnects","","-","Green","*","http://media.digikey.com/pdf/Data%20Sheets/Phoenix%20Contact%20PDFs/COMBICON%20Compact%20PT2,5.pdf","http://media.digikey.com/pdf/Data%20Sheets/Phoenix%20Contact%20PDFs/COMBICON%20Compact%20PT2,5.pdf","","","","","","","","","","","","","","-","","","","20A","","","","","","","","","","","CONN TERM BLOCK 3POS 5.0MM","","","","","","","","","","","","Interlocking (Side)","","","","","","","","","","","","","Polyamide (PA), Nylon","","","","","","","","","","","","","","","Phoenix Contact","","","1935789","","","","","","","","Horizontal with Board","","","","Through Hole","","1","","","","","","-","","","","","","Bulk","Active","0.197" (5.00mm)","","","","3","","","","1=0.66, 10=0.633, 50=0.605, 100=0.5885, 250=0.55, 500=0.506, 1000=0.4675 (USD)","","","","","","","","","","","RoHS Compliant","","","","-","M3","","","","","4677","","","Digi-Key","","","277-6072-ND","","","","","","","","","","","0.45-0.5 Nm (3.9-4.4 Lb-In)","","","","","","","300V","","","","","","","","","","12-20 AWG","Screw","*","CN?","CONN TERM BLOCK 3POS 5.0MM"
"1N5406RLG","1N5406-DO201AD","","","","","","-","Discrete Semiconductor Products","","","","","","http://www.onsemi.com/pub_link/Collateral/1N5400-D.PDF","http://www.onsemi.com/pub_link/Collateral/1N5400-D.PDF","","","","","","","","","","","","","","","","","","","","","","10µA @ 600V","","","","","","","","","","","","Standard","","","","","","","","","","","","","","","","","","","","","","","","","","","","","","","","","","ON Semiconductor","","","1N5406RLG","","","","","","","","","","","","","Through Hole","","","","","","","","","-65°C ~ 150°C","","","DO-201AA, DO-27, Axial","","Tape & Reel (TR)","Active","","","","","","","","","1200=0.0966, 2400=0.08694, 6000=0.08211, 12000=0.07487, 30000=0.07004, 60000=0.06279 (USD)","","","","","","","","","","RoHS Compliant","","","","","","","","","","Standard Recovery >500ns, > 200mA (Io)","14400","","","Digi-Key","","DO-201AD","1N5406RLGOSTR-ND","","","","","","","","","","","","","","","","","","","","1V @ 3A","","","","","","","","","","*","D?","DIODE GEN PURP 600V 3A DO201AD"
"450QXW120MEFC18X31.5","450QXW120MEFC18X31.5","","","","","120UF","","","","","","","*","","","","","","","","","","","","","","","","","","","","","","","","","","","","","","","","","","","","","","","","","","","","","","","","","","","","","","","","","","","","","","","","","","","","","","","","","","","","","","","","","","","","","","","","","","","","","","","","","","","","","","","","","","","","","","","","","","","","","","","","","","","","","","","","","","","","","","","","","","","","","","","","","","","","","","","","","","","","","","","","","","","","","","","*","C?",""
"5006","Test Point","","","","","","","","Test and Measurement","","","Black","5006","http://www.keyelco.com/product-pdf.cfm?p=1314","http://www.keyelco.com/product-pdf.cfm?p=1314","","","","","","","","","","","","","","","","","","","","","","","","","","","","","TEST POINT PC COMPACT .063"D BLK","","","","","","","","","","","","","","","","","","","","","","","","","","","","","","","","","","","","","","","","Keystone Electronics","","","5006","","","","Phosphor Bronze","Nylon 46, UL 94V-0","","","","","","","0.063" (1.60mm) Hole Diameter","","","","","","","","","","","","","","Bulk","Active","","","Silver","","","","","","1=0.37, 10=0.316, 50=0.2298, 100=0.2209, 250=0.19832, 500=0.18932, 1000=0.1616, 2500=0.14424, 5000=0.13523 (USD)","","","","","","","","","","","RoHS Compliant","","","","","","","","0.125" Dia x 0.220" L (3.18mm x 5.59mm)","","199444","","","Digi-Key","","","36-5006-ND","","","","","","","","","","","","PC Test Point, Compact","","","","","","","","","","","","","","","","","","*","TP?","TEST POINT PC COMPACT .063"D BLK"
"51-1785LF","G-51-185LF","","","","","","","","","","","","*","","","","","","","","","","","","","","","","","","","","","","","","","","","","","","","","","","","","","","","","","","","","","","","","","","","","","","","","","","","","","","","","","","","","","","Gowanda Electronics","","","","","","","","","","","","","","","","","","","","","","","","","","","","","","","","","","","","","","","","","","","","","","","","","","","","","","","","","","","","","","","","","","","","","","","","","","","","","","","","","","","","","","","","","","","","","","","","","*","L?",""
"8113-RC","EMI Choke","","","-","","","","","Filters","","","","*","http://www.bourns.com/docs/Product-Datasheets/8100_series.pdf","http://www.bourns.com/docs/Product-Datasheets/8100_series.pdf","","","","","","","","","","","","","","","","","","","","","","","","","","","8.9A","22 mOhm","CMC 5MH 8.9A 2LN TH","","","","","","","","","","","","-","","","-","","","","","","","","1.500" (38.10mm)","","","","","-","5mH @ 1kHz","","","","","","","","","","","Bourns Inc.","","","8113-RC","","","","","","","","","","","","Through Hole","","","2","","","","","-55°C ~ 105°C","","","","Vertical, 4 PC Pin","","Tray","Active","","","","","","","","","1=7.52, 10=6.688, 25=6.1864, 50=5.5594 (USD)","","","","-","","","","","","","RoHS Compliant","","","","","","","","1.450" L x 0.800" W (36.83mm x 20.32mm)","","1449","","","Digi-Key","","","M8908-ND","","","","","","","","","","","","","","","","","","","","","","","","","-","-","","","","*","L?","CMC 5MH 8.9A 2LN TH"
"C0603--","CAP0603","","","","","","","","","","","","*","","","","","","","","","","","","","","","","","","","","","","","","","","","","","","","","","","","","","","","","","","","","","","","","","","","","","","","","","","","","","","","","","","","","","","","","","","","","","","","","","","","","","","","","","","","","","","","","","","","","","","","","","","","","","","","","","","","","","","","","","","","","","","","","","","","","","","","","","","","","","","","","","","","","","","","","","","","","","","","","","","","","","","","*","C?",""
"C0603C22NF","CAP0603","","","","","22nF","","","","","","","*","","","","","","","","","","","","","","","","","","","","","","","","","","","","","","","","","","","","","","","","","","","","","","","","","","","","","","","","","","","","","","","","","","","","","","","","","","","","","","","","","","","","","","","","","","","","","","","","","","","","","","","","","","","","","","","","","","","","","","","","","","","","","","","","","","","","","","","","","","","","","","","","","","","","","","","","","","","","","","","","","","","","","","","*","C?",""
"C0603C474K4RACTU","CAP0603","","General Purpose","","","0.47µF","","","Capacitors","","","","*","http://www.kemet.com/docfinder?Partnumber=C0603C474K4RACTU","http://www.kemet.com/docfinder?Partnumber=C0603C474K4RACTU","","","","","","","","","","","","","","","","","","","","","","","","","","","","","CAP CER 0.47UF 16V X7R 0603","","","","","","","","","","-","","-","","","","","","","","","","-","","","","","","","","","","","","","-","-","","","","KEMET","","","C0603C474K4RACTU","","","","","","","","","","","","Surface Mount, MLCC","","","","","","","","-55°C ~ 125°C","","","","0603 (1608 Metric)","","Cut Tape (CT)","Active","","","","","","","","","1=0.15, 10=0.104, 25=0.0756, 50=0.0588, 100=0.0487, 250=0.04032, 500=0.03416, 1000=0.02828 (USD)","","","","-","","","","","","","RoHS Compliant","","","","","","","","0.063" L x 0.031" W (1.60mm x 0.80mm)","","196985","","","Digi-Key","","","399-4922-1-ND","","","","X7R","","","","","0.034" (0.87mm)","±10%","","","","","","","","","","","","16V","","","","","","","","*","C?","CAP CER 0.47UF 16V X7R 0603"
"C0603C684K8PACTU","CAP0603","","General Purpose","","","0.68µF","","","Capacitors","","","","*","http://www.kemet.com/docfinder?Partnumber=C0603C684K8PACTU","http://www.kemet.com/docfinder?Partnumber=C0603C684K8PACTU","","","","","","","","","","","","","","","","","","","","","","","","","","","","","CAP CER 0.68UF 10V X5R 0603","","","","","","","","","","-","","-","","","","","","","","","","-","","","","","","","","","","","","","-","-","","","","KEMET","","","C0603C684K8PACTU","","","","","","","","","","","","Surface Mount, MLCC","","","","","","","","-55°C ~ 85°C","","","","0603 (1608 Metric)","","Cut Tape (CT)","Active","","","","","","","","","1=0.22, 10=0.151, 25=0.1108, 50=0.0908, 100=0.0766, 250=0.06248, 500=0.05242, 1000=0.04637 (USD)","","","","-","","","","","","","RoHS Compliant","","","","","","","","0.063" L x 0.031" W (1.60mm x 0.80mm)","","11060","","","Digi-Key","","","399-3116-1-ND","","","","X5R","","","","","0.035" (0.90mm)","±10%","","","","","","","","","","","","10V","","","","","","","","*","C?","CAP CER 0.68UF 10V X5R 0603"
"C0603C821K5RACTU","CAP0603","","General Purpose","","","820pF","","","Capacitors","","","","*","http://www.kemet.com/docfinder?Partnumber=C0603C821K5RACTU","http://www.kemet.com/docfinder?Partnumber=C0603C821K5RACTU","","","","","","","","","","","","","","","","","","","","","","","","","","","","","CAP CER 820PF 50V X7R 0603","","","","","","","","","","-","","-","","","","","","","","","","-","","","","","","","","","","","","","-","-","","","","KEMET","","","C0603C821K5RACTU","","","","","","","","","","","","Surface Mount, MLCC","","","","","","","","-55°C ~ 125°C","","","","0603 (1608 Metric)","","Cut Tape (CT)","Active","","","","","","","","","1=0.1, 10=0.052, 25=0.0376, 50=0.0282, 100=0.023, 250=0.01928, 500=0.01646, 1000=0.01293 (USD)","","","","-","","","","","","","RoHS Compliant","","","","","","","","0.063" L x 0.031" W (1.60mm x 0.80mm)","","19858","","","Digi-Key","","","399-1078-1-ND","","","","X7R","","","","","0.034" (0.87mm)","±10%","","","","","","","","","","","","50V","","","","","","","","*","C?","CAP CER 820PF 50V X7R 0603"
"C3D04060A","C3D04060A","","","","","","251pF @ 0V, 1MHz","","Discrete Semiconductor Products","","","","*","http://www.wolfspeed.com/media/downloads/845/C3D04060A.pdf","http://www.wolfspeed.com/media/downloads/845/C3D04060A.pdf","","","","","","","","","","","","","","","","","","","4A (DC)","","","50µA @ 600V","","","","","","","DIODE SCHOTTKY 600V 4A TO220-2","","","","","Silicon Carbide Schottky","","","","","","","","","","","","","","","","","","","","","","","","","","","","","","","","","","","Cree/Wolfspeed","","","C3D04060A","","","","","","","","","","","","Through Hole","","","","","","","","","-55°C ~ 175°C","","","TO-220-2","","Tube","Active","","","","","","","","","1=1.94, 100=1.62, 500=1.39, 1000=1.2125 (USD)","","","","","","","","0ns","","","RoHS Compliant","","","","","","","","","No Recovery Time > 500mA (Io)","1157","","","Digi-Key","","TO-220-2","C3D04060A-ND","","","","","","","","","","","","","","","","","","","600V","1.8V @ 4A","","","","","","","","","","*","D?","DIODE SCHOTTKY 600V 4A TO220-2"
"C3M0065090D","TO-247-3","","","","","","","","Discrete Semiconductor Products","","","","*","http://www.wolfspeed.com/media/downloads/176/C3M0065090D.pdf","http://www.wolfspeed.com/media/downloads/176/C3M0065090D.pdf","","","","","","","","","","","","","","","","","","","","36A (Tc)","","","","","","","","","MOSFET N-CH 900V 36A TO247-3","","","","","","900V","15V","","","","","","-","N-Channel","","","","","","","30.4nC @ 15V","","","","","","","","","","660pF @ 600V","","","","","","","","","Cree/Wolfspeed","","","C3M0065090D","","","","","","","","","","","","Through Hole","","","","","","","","-55°C ~ 150°C (TJ)","","","","TO-247-3","","Tube","Active","","","","","","","125W (Tc)","","1=9.98, 100=9.62, 500=9.375 (USD)","","","","","78 mOhm @ 20A, 15V","","","","","","RoHS Compliant","","","","","","","","","","4348","","","Digi-Key","","TO-247-3","C3M0065090D-ND","","","SiCFET (Silicon Carbide)","","","","","","","","","","","","","+18V, -8V","2.1V @ 5mA","","","","","","","","","","","","","*","Q?","MOSFET N-CH 900V 36A TO247-3"
"CL-40","CL-40","","","UL","","","","","Circuit Protection","","","","*","http://www.amphenol-sensors.com/index.php?option=com_edocman&task=document.download&id=90","http://www.amphenol-sensors.com/index.php?option=com_edocman&task=document.download&id=90","","","","","","","","","","","","","","","","","","","","","","","","6A","","","","","ICL 5 OHM 25% 6A 19.56MM","","0.77" (19.56mm)","","","","","","","","","","","","","","","","","","","","","","","","","","","","","","","","","0.328" (8.33mm)","","","","","Amphenol Advanced Sensors","","","CL-40","","","","","","","","","","","","","","","","","","","","","","","","","","Bulk","Active","","","","","","","","","1=1.56, 5=1.512, 10=1.415, 25=1.3664, 50=1.1712, 100=0.976, 250=0.9516, 500=0.8052, 1000=0.7076 (USD)","","5 Ohm","0.11 Ohm","","","","","","","","RoHS Compliant","","","","","","","","","","7009","","","Digi-Key","","","KC004L-ND","","","","","","","","","","±25%","","","","","","","","","","","","","","","","","","","","*","RT?","ICL 5 OHM 25% 6A 19.56MM"
"CRCW0603--","RES0603","","","","","","","","","","","","*","","","","","","","","","","","","","","","","","","","","","","","","","","","","","","","","","","","","","","","","","","","","","","","","","","","","","","","","","","","","","","","","","","","","","","","","","","","","","","","","","","","","","","","","","","","","","","","","","","","","","","","","","","","","","","","","","","","","","","","","","","","","","","","","","","","","","","","","","","","","","","","","","","","","","","","","","","","","","","","","","","","","","","","*","R?",""
"CRCW0603100RFKEA","RES0603","","","","","","","","Resistors","","","","*","http://www.vishay.com/docs/20035/dcrcwe3.pdf","http://www.vishay.com/docs/20035/dcrcwe3.pdf","","","Thick Film","","","","","","","","","","","","","","","","","","","","","","","","","","RES SMD 100 OHM 1% 1/10W 0603","","","","","","","","","","-","","Automotive AEC-Q200","","","","","","","","","","0.020" (0.50mm)","","","","","","","","","","","","","","","","","","Vishay Dale","","","CRCW0603100RFKEA","","","","","","","","","","","","","","","","","","","2","-55°C ~ 155°C","","","","0603 (1608 Metric)","","Cut Tape (CT)","Active","","","","","","0.1W, 1/10W","","","1=0.1, 10=0.03, 25=0.022, 50=0.0168, 100=0.0123, 250=0.0094, 500=0.00752, 1000=0.00554 (USD)","","","","","","","100","","","","RoHS Compliant","","","","","","","","0.063" L x 0.033" W (1.60mm x 0.85mm)","","559200","","","Digi-Key","","0603","541-100HCT-ND","","","","±100ppm/°C","","","","","","±1%","","","","","","","","","","","","","","","","","","","","*","R?","RES SMD 100 OHM 1% 1/10W 0603"
"CRCW060310K0FKEA","RES0603","","","","","","","","Resistors","","","","*","http://www.vishay.com/docs/20035/dcrcwe3.pdf","http://www.vishay.com/docs/20035/dcrcwe3.pdf","","","Thick Film","","","","","","","","","","","","","","","","","","","","","","","","","","RES SMD 10K OHM 1% 1/10W 0603","","","","","","","","","","-","","Automotive AEC-Q200","","","","","","","","","","0.020" (0.50mm)","","","","","","","","","","","","","","","","","","Vishay Dale","","","CRCW060310K0FKEA","","","","","","","","","","","","","","","","","","","2","-55°C ~ 155°C","","","","0603 (1608 Metric)","","Cut Tape (CT)","Active","","","","","","0.1W, 1/10W","","","1=0.1, 10=0.03, 25=0.022, 50=0.0168, 100=0.0123, 250=0.0094, 500=0.00752, 1000=0.00554 (USD)","","","","","","10K","","","","","RoHS Compliant","","","","","","","","0.063" L x 0.033" W (1.60mm x 0.85mm)","","4972347","","","Digi-Key","","0603","541-10.0KHCT-ND","","","","±100ppm/°C","","","","","","±1%","","","","","","","","","","","","","","","","","","","","*","R?","RES SMD 10K OHM 1% 1/10W 0603"
"CRCW060313K3FKEA","RES0603","","","","","","","","Resistors","","","","*","http://www.vishay.com/docs/20035/dcrcwe3.pdf","http://www.vishay.com/docs/20035/dcrcwe3.pdf","","","Thick Film","","","","","","","","","","","","","","","","","","","","","","","","","","RES SMD 13.3K OHM 1% 1/10W 0603","","","","","","","","","","-","","Automotive AEC-Q200","","","","","","","","","","0.020" (0.50mm)","","","","","","","","","","","","","","","","","","Vishay Dale","","","CRCW060313K3FKEA","","","","","","","","","","","","","","","","","","","2","-55°C ~ 155°C","","","","0603 (1608 Metric)","","Cut Tape (CT)","Active","","","","","","0.1W, 1/10W","","","1=0.1, 10=0.03, 25=0.022, 50=0.0168, 100=0.0123, 250=0.0094, 500=0.00752, 1000=0.00554 (USD)","","","","","","13.3K","","","","","RoHS Compliant","","","","","","","","0.063" L x 0.033" W (1.60mm x 0.85mm)","","50587","","","Digi-Key","","0603","541-13.3KHCT-ND","","","","±100ppm/°C","","","","","","±1%","","","","","","","","","","","","","","","","","","","","*","R?","RES SMD 13.3K OHM 1% 1/10W 0603"
"CRCW060317K8FKEA","RES0603","","","","","","","","Resistors","","","","*","http://www.vishay.com/docs/20035/dcrcwe3.pdf","http://www.vishay.com/docs/20035/dcrcwe3.pdf","","","Thick Film","","","","","","","","","","","","","","","","","","","","","","","","","","RES SMD 17.8K OHM 1% 1/10W 0603","","","","","","","","","","-","","Automotive AEC-Q200","","","","","","","","","","0.020" (0.50mm)","","","","","","","","","","","","","","","","","","Vishay Dale","","","CRCW060317K8FKEA","","","","","","","","","","","","","","","","","","","2","-55°C ~ 155°C","","","","0603 (1608 Metric)","","Cut Tape (CT)","Active","","","","","","0.1W, 1/10W","","","1=0.1, 10=0.03, 25=0.022, 50=0.0168, 100=0.0123, 250=0.0094, 500=0.00752, 1000=0.00554 (USD)","","","","","","","17.8k","","","","RoHS Compliant","","","","","","","","0.063" L x 0.033" W (1.60mm x 0.85mm)","","18072","","","Digi-Key","","0603","541-17.8KHCT-ND","","","","±100ppm/°C","","","","","","±1%","","","","","","","","","","","","","","","","","","","","*","R?","RES SMD 17.8K OHM 1% 1/10W 0603"
"CRCW0603221RFKEA","RES0603","","","","","","","","Resistors","","","","*","http://www.vishay.com/docs/20035/dcrcwe3.pdf","http://www.vishay.com/docs/20035/dcrcwe3.pdf","","","Thick Film","","","","","","","","","","","","","","","","","","","","","","","","","","RES SMD 221 OHM 1% 1/10W 0603","","","","","","","","","","-","","Automotive AEC-Q200","","","","","","","","","","0.020" (0.50mm)","","","","","","","","","","","","","","","","","","Vishay Dale","","","CRCW0603221RFKEA","","","","","","","","","","","","","","","","","","","2","-55°C ~ 155°C","","","","0603 (1608 Metric)","","Cut Tape (CT)","Active","","","","","","0.1W, 1/10W","","","1=0.1, 10=0.03, 25=0.022, 50=0.0168, 100=0.0123, 250=0.0094, 500=0.00752, 1000=0.00554 (USD)","","","","","","","221","","","","RoHS Compliant","","","","","","","","0.063" L x 0.033" W (1.60mm x 0.85mm)","","23466","","","Digi-Key","","0603","541-221HCT-ND","","","","±100ppm/°C","","","","","","±1%","","","","","","","","","","","","","","","","","","","","*","R?","RES SMD 221 OHM 1% 1/10W 0603"
"CRCW060322K6FKEA","CAP0603","","","","","","","","Resistors","","","","*","http://www.vishay.com/docs/20035/dcrcwe3.pdf","http://www.vishay.com/docs/20035/dcrcwe3.pdf","","","Thick Film","","","","","","","","","","","","","","","","","","","","","","","","","","RES SMD 22.6K OHM 1% 1/10W 0603","","","","","","","","","","-","","Automotive AEC-Q200","","","","","","","","","","0.020" (0.50mm)","","","","","","","","","","","","","","","","","","Vishay Dale","","","CRCW060322K6FKEA","","","","","","","","","","","","","","","","","","","2","-55°C ~ 155°C","","","","0603 (1608 Metric)","","Cut Tape (CT)","Active","","","","","","0.1W, 1/10W","","","1=0.1, 10=0.03, 25=0.022, 50=0.0168, 100=0.0123, 250=0.0094, 500=0.00752, 1000=0.00554 (USD)","","","","","","","22.6k","","","","RoHS Compliant","","","","","","","","0.063" L x 0.033" W (1.60mm x 0.85mm)","","27075","","","Digi-Key","","0603","541-22.6KHCT-ND","","","","±100ppm/°C","","","","","","±1%","","","","","","","","","","","","","","","","","","","","*","R?","RES SMD 22.6K OHM 1% 1/10W 0603"
"CRCW0603RES10K","RES0603","","","","","","","","","","","","*","","","","","","","","","","","","","","","","","","","","","","","","","","","","","","","","","","","","","","","","","","","","","","","","","","","","","","","","","","","","","","","","","","","","","","","","","","","","","","","","","","","","","","","","","","","","","","","","","","","","","","","","","","","","","","","","","","","","10K","","","","","","","","","","","","","","","","","","","","","","","","","","","","","","","","","","","","","","","","","","","","","","","","","","","*","R?",""
"CRCW0805332KFKEA","RES0805","","","","","","","","Resistors","","","","*","http://www.vishay.com/docs/20035/dcrcwe3.pdf","http://www.vishay.com/docs/20035/dcrcwe3.pdf","","","Thick Film","","","","","","","","","","","","","","","","","","","","","","","","","","RES SMD 332K OHM 1% 1/8W 0805","","","","","","","","","","-","","Automotive AEC-Q200","","","","","","","","","","0.020" (0.50mm)","","","","","","","","","","","","","","","","","","Vishay Dale","","","CRCW0805332KFKEA","","","","","","","","","","","","","","","","","","","2","-55°C ~ 155°C","","","","0805 (2012 Metric)","","Cut Tape (CT)","Active","","","","","","0.125W, 1/8W","","","1=0.1, 10=0.04, 25=0.0288, 50=0.022, 100=0.0162, 250=0.01236, 500=0.0099, 1000=0.00729 (USD)","","","","","","","332k","","","","RoHS Compliant","","","","","","","","0.079" L x 0.049" W (2.00mm x 1.25mm)","","14758","","","Digi-Key","","0805","541-332KCCT-ND","","","","±100ppm/°C","","","","","","±1%","","","","","","","","","","","","","","","","","","","","*","R?","RES SMD 332K OHM 1% 1/8W 0805"
"CRCW0805340KFKEA","RES0805","","","","","","","","Resistors","","","","*","http://www.vishay.com/docs/20035/dcrcwe3.pdf","http://www.vishay.com/docs/20035/dcrcwe3.pdf","","","Thick Film","","","","","","","","","","","","","","","","","","","","","","","","","","RES SMD 340K OHM 1% 1/8W 0805","","","","","","","","","","-","","Automotive AEC-Q200","","","","","","","","","","0.020" (0.50mm)","","","","","","","","","","","","","","","","","","Vishay Dale","","","CRCW0805340KFKEA","","","","","","","","","","","","","","","","","","","2","-55°C ~ 155°C","","","","0805 (2012 Metric)","","Cut Tape (CT)","Active","","","","","","0.125W, 1/8W","","","1=0.1, 10=0.04, 25=0.0288, 50=0.022, 100=0.0162, 250=0.01236, 500=0.0099, 1000=0.00729 (USD)","","","","","","","340k","","","","RoHS Compliant","","","","","","","","0.079" L x 0.049" W (2.00mm x 1.25mm)","","2950","","","Digi-Key","","0805","541-340KCCT-ND","","","","±100ppm/°C","","","","","","±1%","","","","","","","","","","","","","","","","","","","","*","R","RES SMD 340K OHM 1% 1/8W 0805"
"CRCW0805R10","RES0805","","","","","","","","","","","","*","","","","","","","","","","","","","","","","","","","","","","","","","","","","","","","","","","","","","","","","","","","","","","","","","","","","","","","","","","","","","","","","","","","","","","","","","","","","","","","","","","","","","","","","","","","","","","","","","","","","","","","","","","","","","","","","","","","","10","","","","","","","","","","","","","","","","","","","","","","","","","","","","","","","","","","","","","","","","","","","","","","","","","","","*","R?",""
"CRCW0805R4.99","RES0805","","","","","","","","","","","","*","","","","","","","","","","","","","","","","","","","","","","","","","","","","","","","","","","","","","","","","","","","","","","","","","","","","","","","","","","","","","","","","","","","","","","","","","","","","","","","","","","","","","","","","","","","","","","","","","","","","","","","","","","","","","","","","","","","","4.99","","","","","","","","","","","","","","","","","","","","","","","","","","","","","","","","","","","","","","","","","","","","","","","","","","","*","R?",""
"CRCW12060000Z0EA","RES1206","","","","","","","","Resistors","","","","*","http://www.vishay.com/docs/20035/dcrcwe3.pdf","http://www.vishay.com/docs/20035/dcrcwe3.pdf","","","Thick Film","","","","","","","","","","","","","","","","","","","","","","","","","","RES SMD 0.0 OHM JUMPER 1/4W 1206","","","","","","","","","","-","","Automotive AEC-Q200","","","","","","","","","","0.024" (0.60mm)","","","","","","","","","","","","","","","","","","Vishay Dale","","","CRCW12060000Z0EA","","","","","","","","","","","","","","","","","","","2","-55°C ~ 155°C","","","","1206 (3216 Metric)","","Cut Tape (CT)","Active","","","","","","0.25W, 1/4W","","","1=0.1, 10=0.046, 25=0.0336, 50=0.0256, 100=0.0188, 250=0.01436, 500=0.01148, 1000=0.00845 (USD)","","","","","","","0.0","","","","RoHS Compliant","","","","","","","","0.126" L x 0.063" W (3.20mm x 1.60mm)","","499504","","","Digi-Key","","1206","541-0.0ECT-ND","","","","-","","","","","","Jumper","","","","","","","","","","","","","","","","","","","","*","R","RES SMD 0.0 OHM JUMPER 1/4W 1206"
"CRCW120649R9FKEA","RES1206","","","","","","","","Resistors","","","","*","http://www.vishay.com/docs/20035/dcrcwe3.pdf","http://www.vishay.com/docs/20035/dcrcwe3.pdf","","","Thick Film","","","","","","","","","","","","","","","","","","","","","","","","","","RES SMD 49.9 OHM 1% 1/4W 1206","","","","","","","","","","-","","Automotive AEC-Q200","","","","","","","","","","0.024" (0.60mm)","","","","","","","","","","","","","","","","","","Vishay Dale","","","CRCW120649R9FKEA","","","","","","","","","","","","","","","","","","","2","-55°C ~ 155°C","","","","1206 (3216 Metric)","","Cut Tape (CT)","Active","","","","","","0.25W, 1/4W","","","1=0.1, 10=0.054, 25=0.0392, 50=0.03, 100=0.0221, 250=0.01684, 500=0.01346, 1000=0.00991 (USD)","","","","","","","49.9","","","","RoHS Compliant","","","","","","","","0.126" L x 0.063" W (3.20mm x 1.60mm)","","25160","","","Digi-Key","","1206","541-49.9FCT-ND","","","","±100ppm/°C","","","","","","±1%","","","","","","","","","","","","","","","","","","","","*","R?","RES SMD 49.9 OHM 1% 1/4W 1206"
"CRCW2512R0.027","RES2512","","","","","","","","","","","","*","","","","","","","","","","","","","","","","","","","","","","","","","","","","","","","","","","","","","","","","","","","","","","","","","","","","","","","","","","","","","","","","","","","","","","","","","","","","","","","","","","","","","","","","","","","","","","","","","","","","","","","","","","","","","","","","","","","","0.027","","","","","","","","","","","","","","","","","","","","","","","","","","","","","","","","","","","","","","","","","","","","","","","","","","","*","R?",""
"CRCWRSHUNT","","","","","","","","","","","","","*","","","","","","","","","","","","","","","","","","","","","","","","","","","","","","","","","","","","","","","","","","","","","","","","","","","","","","","","","","","","","","","","","","","","","","","","","","","","","","","","","","","","","","","","","","","","","","","","","","","","","","","","","","","","","","","","","","","","","","","","","","","","","","","","","","","","","","","","","","","","","","","","","","","","","","","","","","","","","","","","","","","","","","","*","R?",""
"CS11-E2GA222MYNS","CS11-E2GA222MYNS","","Safety","","","2200pF","","","Capacitors","","","","*","http://media.digikey.com/pdf/Data%20Sheets/TDK%20PDFs/CS_Series.pdf","http://media.digikey.com/pdf/Data%20Sheets/TDK%20PDFs/CS_Series.pdf","","","","","","","","","","","","","","","","","","","","","","","","","","","","","CAP CER 2200PF 250VAC RADIAL","","","","","","","","","","-","","High Voltage","","","","","","","","","","0.571" (14.50mm)","","","","","","","","","","","","","0.295" (7.50mm)","Straight","","","","TDK Corporation","","","CS11-E2GA222MYNS","","","","","","","","","","","","Through Hole","","","","","","","","-25°C ~ 105°C","","","","Radial, Disc","","Bulk","Obsolete","","","","","","","","","1=0.5, 10=0.349, 100=0.2093, 250=0.17436, 500=0.15694, 1000=0.13253, 5000=0.11858, 10000=0.1116, 25000=0.10463 (USD)","","","","X1, Y2","","","","","","","RoHS Compliant","","","","","","","","0.413" Dia (10.50mm)","","67","","","Digi-Key","","","445-2424-ND","","","","E","","","","","-","±20%","","","","","","","","","","","","250VAC","","","","","","","","*","C?","CAP CER 2200PF 250VAC RADIAL"
"DB2W40300L","Mini2-F3-B","","","","","","","","","","","","*","","","","","","","","","","","","","","","","","","","","","","","","","","","","","","","","","","","DB24403","","","","","","","","","","","","","","","","","","","","","","","","","","","","","","","","","","","Panasonic","","","","","","","","","","","","","","","","","","","","","","","","","","","","","","","","","","","","","","","","","","","","","","","","","","","","","","","","","","","","","","","","","","","","","","","","","","","","","","","","","","","","","","","","","","","","","","","","","*","D?",""
"ECA-1VM470","CAPALUM47U","","General Purpose","","","47µF","","","Capacitors","","","","*","http://industrial.panasonic.com/www-cgi/jvcr13pz.cgi?E+PZ+3+ABA0012+ECA1VM470+7+WW","http://industrial.panasonic.com/www-cgi/jvcr13pz.cgi?E+PZ+3+ABA0012+ECA1VM470+7+WW","","","","","","","","","","","","","","","","","","","","","","","","","","","","","CAP ALUM 47UF 20% 35V RADIAL","","","","","","","","","-","","","","","","","","","","","","","0.472" (12.00mm)","","","","","-","","","","","","","","0.079" (2.00mm)","","","2000 Hrs @ 85°C","","Panasonic Electronic Components","","","ECA-1VM470","","","","","","","","","","","","Through Hole","","","","","","","","-40°C ~ 85°C","","","","Radial, Can","","Bulk","Active","","","","Polar","","","","","1=0.19, 10=0.131, 25=0.0964, 50=0.0788, 100=0.0665, 250=0.05424, 500=0.0455, 1000=0.04025, 5000=0.035 (USD)","","","","","","","","","130mA @ 120Hz","","RoHS Compliant","","","","","","","","0.197" Dia (5.00mm)","","32051","","","Digi-Key","","","P5164-ND","","-","","","","","","","","±20%","","","","","","","","","","","","","","35V","","","","","","*","C?","CAP ALUM 47UF 20% 35V RADIAL"
"ECQ-U2A334ML","CAPFILM0.33U","","EMI, RFI Suppression","","","0.33µF","","","Capacitors","","","","*","http://industrial.panasonic.com/www-cgi/jvcr13pz.cgi?E+PZ+3+ABD0029+ECQU2A334ML+7+WW","http://industrial.panasonic.com/www-cgi/jvcr13pz.cgi?E+PZ+3+ABD0029+ECQU2A334ML+7+WW","","","","","","","","","","","","","","","","","","","","","","","","","","","","","CAP FILM 0.33UF 20% 275VAC RAD","","","Polyester, Metallized","","","","","","-","","","X2 Safety Rated","","","","","","","","","","0.709" (18.00mm)","","","","","","","","","","","","","0.591" (15.00mm)","","","","","Panasonic Electronic Components","","","ECQ-U2A334ML","","","","","","","","","","","","Through Hole","","","","","","","","-40°C ~ 100°C","","","","Radial","","Bulk","Active","","","","","","","","","1=0.6, 10=0.428, 25=0.3652, 50=0.3234, 100=0.2816, 250=0.23988, 500=0.2086, 1000=0.17731, 5000=0.15645 (USD)","","","","","","","","","","","RoHS Compliant","","","","","","","","0.689" L x 0.374" W (17.50mm x 9.50mm)","","584","","","Digi-Key","","","P10733-ND","","","","","PC Pins","","","","","±20%","","","","","","","","","","","","","","","275V","-","","","","*","C?","CAP FILM 0.33UF 20% 275VAC RAD"
"ECQ-U2A474ML","ECQ-U2A474ML","","EMI, RFI Suppression","","","0.47µF","","","Capacitors","","","","*","http://industrial.panasonic.com/www-cgi/jvcr13pz.cgi?E+PZ+3+ABD0029+ECQU2A474ML+7+WW","http://industrial.panasonic.com/www-cgi/jvcr13pz.cgi?E+PZ+3+ABD0029+ECQU2A474ML+7+WW","","","","","","","","","","","","","","","","","","","","","","","","","","","","","CAP FILM 0.47UF 20% 275VAC RAD","","","Polyester, Metallized","","","","","","-","","","X2 Safety Rated","","","","","","","","","","0.709" (18.00mm)","","","","","","","","","","","","","0.886" (22.50mm)","","","","","Panasonic Electronic Components","","","ECQ-U2A474ML","","","","","","","","","","","","Through Hole","","","","","","","","-40°C ~ 100°C","","","","Radial","","Bulk","Active","","","","","","","","","1=0.63, 10=0.464, 25=0.3976, 50=0.371, 100=0.318, 250=0.29152, 500=0.25176, 1000=0.212, 5000=0.1855 (USD)","","","","","","","","","","","RoHS Compliant","","","","","","","","1.004" L x 0.335" W (25.50mm x 8.50mm)","","12592","","","Digi-Key","","","P10734-ND","","","","","PC Pins","","","","","±20%","","","","","","","","","","","","","","","275V","-","","","","*","C?","CAP FILM 0.47UF 20% 275VAC RAD"
"EET-UQ2W271DA","","","General Purpose","","","270µF","","","Capacitors","","","","*","http://media.digikey.com/pdf/Data%20Sheets/Panasonic%20Capacitors%20PDFs/TS-UQ_Series_2007.pdf","http://media.digikey.com/pdf/Data%20Sheets/Panasonic%20Capacitors%20PDFs/TS-UQ_Series_2007.pdf","","","","","","","","","","","","","","","","","","","","","","","","","","","","","CAP ALUM 270UF 20% 450V SNAP","","","","","","","","","737 mOhm @ 120Hz","","","","","","","","","","","","","1.181" (30.00mm)","","","","","-","","","","","","","","-","","","2000 Hrs @ 85°C","","Panasonic Electronic Components","","","EET-UQ2W271DA","","","","","","","","","","","","Through Hole","","","","","","","","-25°C ~ 85°C","","","","Radial, Can - Snap-In","","Bulk","Obsolete","","","","Polar","","","","","1=0 (USD)","","","","","","","","","1.78A @ 120Hz","","RoHS Compliant","","","","","","","","1.181" Dia (30.00mm)","","0","","","Digi-Key","","","P11945-ND","","-","","","","","","","","±20%","","","","","","","","","","","","","","450V","","","","","","*","C?","CAP ALUM 270UF 20% 450V SNAP"
"ERJ-P14J3R3U","RES1210","","","","","","","","Resistors","","","","*","https://industrial.panasonic.com/cdbs/www-data/pdf/RDA0000/AOA0000C243.pdf","https://industrial.panasonic.com/cdbs/www-data/pdf/RDA0000/AOA0000C243.pdf","","","Thick Film","","","","","","","","","","","","","","","","","","","","","","","","","","RES SMD 3.3 OHM 5% 1/2W 1210","","","","","","","","","","-","","Automotive AEC-Q200, Pulse Withstanding","","","","","","","","","","0.028" (0.70mm)","","","","","","","","","","","","","","","","","","Panasonic Electronic Components","","","ERJ-P14J3R3U","","","","","","","","","","","","","","","","","","","2","-55°C ~ 155°C","","","","1210 (3225 Metric)","","Cut Tape (CT)","Active","","","","","","0.5W, 1/2W","","","1=0.27, 10=0.226, 25=0.1644, 50=0.1194, 100=0.0885, 250=0.06788, 500=0.05348, 1000=0.03703 (USD)","","","","","","","3.3","","","","RoHS Compliant","","","","","","","","0.126" L x 0.098" W (3.20mm x 2.50mm)","","11138","","","Digi-Key","","1210","P3.3ASCT-ND","","","","-100/ +600ppm/°C","","","","","","±5%","","","","","","","","","","","","","","","","","","","","*","R?","RES SMD 3.3 OHM 5% 1/2W 1210"
"FUSE","0031.8211","","","","","","","Circuit Protection","","","","","*","http://www.schurterinc.com/bundles/snceschurter/epim/_ProdPool_/newDS/en/typ_OGN.pdf","http://www.schurterinc.com/bundles/snceschurter/epim/_ProdPool_/newDS/en/typ_OGN.pdf","","","","","Tin","","","","","","","","Copper Alloy","","","","","","","","","","","","","10A","","","","","","","","","","","","","","","","","","","5mm x 20mm","","5mm x 20mm","Cartridge","Block","","","","","","","","","","","","","","","","","","","Schurter Inc.","","","0031.8211","","","","","","","","","","","","","PCB","1","","","","","","","","","Horizontal","","","","","Active","","","","","","","","","1=0.69, 50=0.4932, 100=0.4658, 250=0.4384, 500=0.411, 1000=0.3836, 5000=0.36442 (USD)","","","","","","","","","","RoHS Compliant","","","","","","","","","","","17476","","","Digi-Key","","","486-1259-ND","","","","","","PC Pin","","","","","","","","","","","","500V","","","","","","","","","","","","*","F?",""
"GBU8J-BP","GBU8J","","","","","","","","Discrete Semiconductor Products","","","","*","http://www.mccsemi.com/up_pdf/GBU8A-GBU8M(GBU).pdf","http://www.mccsemi.com/up_pdf/GBU8A-GBU8M(GBU).pdf","","","","","","","","","","","","","","","","","","","","","8A","","","","","","","","RECT BRIDGE GPP 8A 600V GBU","","","","","Single Phase","","","","","","","","","","","","","","","","","","","","","","","","","","","","","","","","","","","Micro Commercial Co","","","GBU8J-BP","","","","","","","","","","","","Through Hole","","","","","","","","-55°C ~ 150°C (TJ)","","","","4-SIP, GBU","","Tube","Active","","","","","","","","","1=0.98, 10=0.868, 25=0.784, 100=0.686, 250=0.602, 500=0.532, 1000=0.42, 2500=0.392, 5000=0.3724 (USD)","","","","","","","","","","","RoHS Compliant","","","","","","","","","","5723","","","Digi-Key","","GBU","GBU8J-BPMS-ND","","","","","","","","","","","","","","","","","","","","","600V","","","","","","","","","*","BR?","RECT BRIDGE GPP 8A 600V GBU"
"GRM188R71H272KA01D","CAP0603","","General Purpose","","","2700pF","","","Capacitors","","","","*","http://www.murata.com/~/media/webrenewal/support/library/catalog/products/capacitor/mlcc/c02e.pdf","http://www.murata.com/~/media/webrenewal/support/library/catalog/products/capacitor/mlcc/c02e.pdf","","","","","","","","","","","","","","","","","","","","","","","","","","","","","CAP CER 2700PF 50V X7R 0603","","","","","","","","","","","","-","","","","","","","","","","-","","","","","","","","","","","","","-","-","","","","Murata Electronics North America","","","GRM188R71H272KA01D","","","","","","","","","","","","Surface Mount, MLCC","","","","","","","","-55°C ~ 125°C","","","","0603 (1608 Metric)","","Digi-Reel®","Active","","","","","","","","","1=0.1, 10=0.064, 25=0.0452, 50=0.0344, 100=0.0292, 250=0.02384, 500=0.0204, 1000=0.0159 (USD)","","","","-","","","","","","","RoHS Compliant","","","","","","","","0.063" L x 0.031" W (1.60mm x 0.80mm)","","42465","","","Digi-Key","","","490-1502-6-ND","","","","X7R","","","","","0.035" (0.90mm)","±10%","","","","","","","","","","","","50V","","","","","","","","*","C","CAP CER 2700PF 50V X7R 0603"
"GRM21BR71A475KA73L","CAP0805","","General Purpose","","","4.7µF","","","Capacitors","","","","*","http://www.murata.com/~/media/webrenewal/support/library/catalog/products/capacitor/mlcc/c02e.pdf","http://www.murata.com/~/media/webrenewal/support/library/catalog/products/capacitor/mlcc/c02e.pdf","","","","","","","","","","","","","","","","","","","","","","","","","","","","","CAP CER 4.7UF 10V X7R 0805","","","","","","","","","","","","-","","","","","","","","","","-","","","","","","","","","","","","","-","-","","","","Murata Electronics North America","","","GRM21BR71A475KA73L","","","","","","","","","","","","Surface Mount, MLCC","","","","","","","","-55°C ~ 125°C","","","","0805 (2012 Metric)","","Cut Tape (CT)","Active","","","","","","","","","1=0.27, 10=0.182, 50=0.11, 100=0.0924 (USD)","","","","-","","","","","","","RoHS Compliant","","","","","","","","0.079" L x 0.049" W (2.00mm x 1.25mm)","","55696","","","Digi-Key","","","490-6480-1-ND","","","","X7R","","","","","0.053" (1.35mm)","±10%","","","","","","","","","","","","10V","","","","","","","","*","C?","CAP CER 4.7UF 10V X7R 0805"
"GRM32RR71H105KA01K","CAP1210","","General Purpose","","","1µF","","","Capacitors","Capacitors","","","*","http://www.murata.com/~/media/webrenewal/support/library/catalog/products/capacitor/mlcc/c02e.pdf","http://www.murata.com/~/media/webrenewal/support/library/catalog/products/capacitor/mlcc/c02e.pdf","http://datasheets.avx.com/X7RDielectric.pdf","http://datasheets.avx.com/X7RDielectric.pdf","","","","","","","","","","","","","","","","","","","","","","","","","","","CAP CER 1UF 50V X7R 1210","CAP CER 0.1UF 50V X7R 1206","","","","","","","","","","","-","","","","","","","","","","-","","","","","","","","","","","","","-","-","","","","Murata Electronics North America","AVX Corporation","","GRM32RR71H105KA01K","12065C104KAT2A","","","","","","","","","","","Surface Mount, MLCC","","","","","","","","-55°C ~ 125°C","","","","1210 (3225 Metric)","","Cut Tape (CT)","Active","","","","","","","","","1=0.32, 10=0.28, 50=0.17, 100=0.14, 250=0.112, 500=0.102, 1000=0.092 (USD)","1=0.1, 10=0.073, 25=0.0528, 50=0.0412, 100=0.0341, 250=0.02824, 500=0.02392, 1000=0.0198 (USD)","","","-","","","","","","","RoHS Compliant","RoHS Compliant","","","","","","","0.126" L x 0.098" W (3.20mm x 2.50mm)","","3574","1310883","","Digi-Key","Digi-Key","","490-11661-1-ND","478-1556-1-ND","","","X7R","","","","","0.079" (2.00mm)","±10%","","","","","","","","","","","","50V","","","","","","","","*","C?","CAP CER 1UF 50V X7R 1210"
"GRM43DR72J104KW01L","CAP1812","","General Purpose","","","0.10µF","","","Capacitors","","","","*","http://www.murata.com/~/media/webrenewal/support/library/catalog/products/capacitor/mlcc/c02e.pdf","http://www.murata.com/~/media/webrenewal/support/library/catalog/products/capacitor/mlcc/c02e.pdf","","","","","","","","","","","","","","","","","","","","","","","","","","","","","CAP CER 0.1UF 630V X7R 1812","","","","","","","","","","","","-","","","","","","","","","","-","","","","","","","","","","","","","-","-","","","","Murata Electronics North America","","","GRM43DR72J104KW01L","","","","","","","","","","","","Surface Mount, MLCC","","","","","","","","-55°C ~ 125°C","","","","1812 (4532 Metric)","","Cut Tape (CT)","Active","","","","","","","","","1=0.84, 10=0.803, 50=0.4796, 100=0.3897, 250=0.32372, 500=0.29376 (USD)","","","","-","","","","","","","RoHS Compliant","","","","","","","","0.177" L x 0.126" W (4.50mm x 3.20mm)","","99604","","","Digi-Key","","","490-3518-1-ND","","","","X7R","","","","","0.087" (2.20mm)","±10%","","","","","","","","","","","","630V","","","","","","","","*","C?","CAP CER 0.1UF 630V X7R 1812"
"IPZ65R045C7XKSA1","","","","","","","","Discrete Semiconductor Products","","","","","IPZ65R045C7XKSA1","http://www.infineon.com/dgdl/DS_IPZ65R045C7_2_0.pdf?folderId=db3a30431ff98815012019af55de3f2c&fileId=db3a30433e5a5024013e6a50664963da","http://www.infineon.com/dgdl/DS_IPZ65R045C7_2_0.pdf?folderId=db3a30431ff98815012019af55de3f2c&fileId=db3a30433e5a5024013e6a50664963da","","","","","","","","","","","","","","","","","","","","46A (Tc)","","","","","","","","","","","","","","","650V","10V","","","","","","-","N-Channel","","","","","","","93nC @ 10V","","","","","","","","","","4340pF @ 400V","","","","","","","","Infineon Technologies","","","IPZ65R045C7XKSA1","","","","","","","","","","","","","Through Hole","","","","","","","","-55°C ~ 150°C (TJ)","","","","TO-247-4","","Tube","Active","","","","","","","227W (Tc)","","1=13.1, 10=12.035, 100=10.1646, 500=9.04212 (USD)","","","","","45 mOhm @ 24.9A, 10V","","","","","RoHS Compliant","","","","","","","","","","","229","","","Digi-Key","","PG-TO247","IPZ65R045C7XKSA1-ND","","","MOSFET (Metal Oxide)","","","","","","","","","","","","","±20V","4V @ 1.25mA","","","","","","","","","","","","","*","","MOSFET N-CH 650V 46A TO247-4"
"M20-9990246","JUMPER","","","","","","","","Connectors, Interconnects","","","Black","*","https://cdn.harwin.com/pdfs/M20-999.pdf","https://cdn.harwin.com/pdfs/M20-999.pdf","","","","Header, Unshrouded, Breakaway","Tin","","","-","","","","","","","0.240" (6.10mm)","","Male Pin","","","","","","","","","","","","SIL VERTICAL PC TAIL PIN HEADER","","","","","","","","","","","-","-","","","","","","","","","","","","","","","","","","","","","","","","","","","","Harwin Inc.","","","M20-9990246","","","","","","","","","","","","Through Hole","","","","2","All","1","","","","","","","","Bulk","Active","0.100" (2.54mm)","","","","","","","","1=0.11, 10=0.099, 100=0.0609, 500=0.0504, 1000=0.0441, 5000=0.0378, 10000=0.03675 (USD)","","","","","","","","","","","RoHS Compliant","","-","","","","","","","","66533","","","Digi-Key","","","952-2262-ND","","","","","Solder","","","","","","","","","","","","","","","","","","","","","","","","","*","J?","SIL VERTICAL PC TAIL PIN HEADER"
"MAX01NG","","Clips","","","","","","","Fans, Thermal Management","","","","*","http://www.aavid.com/sites/default/files/products/boardlevel/aavid-standard-heatsinks.pdf","http://www.aavid.com/sites/default/files/products/boardlevel/aavid-standard-heatsinks.pdf","","","","","","","","","","","","","","","","","","","","","","","","","","","","","MAX CLIP TO-220/MAX220 LOW-FORCE","","","","","","","","","","","","","","","","Max Clip System","","","","","","","","","","","","","","","","","","","","","","","","Aavid Thermalloy","","","MAX01NG","","","","","","","","","","","","","","","","","","","","","","","","","","","Active","","","","","","","","","1=0.2, 10=0.187, 25=0.1772, 50=0.1726, 100=0.1702, 250=0.15856, 500=0.14924, 1000=0.13526, 5000=0.13059 (USD)","","","","","","","","","","","RoHS Compliant","","","","","","","","","","10909","","","Digi-Key","","","MAX01NG-ND","","","","","","","","","","","","","","","","","","","","","","","","","","","","","","*","*","MAX CLIP TO-220/MAX220 LOW-FORCE"
"MBR140SFT1G","SODFL360X95-2N","","","","","","-","Discrete Semiconductor Products","","","","","*","http://www.onsemi.com/pub_link/Collateral/MBR140SFT1-D.PDF","http://www.onsemi.com/pub_link/Collateral/MBR140SFT1-D.PDF","","","","","","","","","","","","","","","","","","","1A","","","500µA @ 40V","","","","","","","","","","","","Schottky","","","","","","","","","","","","","","","","","","","","","","","","","","","","","","","","","","ON Semiconductor","","","MBR140SFT1G","","","","","","","","","","","","","Surface Mount","","","","","","","","","-55°C ~ 125°C","","","SOD-123F","","Tape & Reel (TR)","Active","","","","","","","","","3000=0.09129, 6000=0.08622, 15000=0.07861, 30000=0.07354, 75000=0.06593 (USD)","","","","","","","","","","RoHS Compliant","","","","","","","","","","Fast Recovery =< 500ns, > 200mA (Io)","0","","","Digi-Key","","SOD-123L","MBR140SFT1GOSTR-ND","","","","","","","","","","","","","","","","","","","40V","550mV @ 1A","","","","","","","","","","*","D?","DIODE SCHOTTKY 40V 1A SOD123L"
"MHR10N-ND","MHR10N-ND","","-","","","","","Connectors, Interconnects","","","","","*","http://multimedia.3m.com/mws/media/22448O/3m-four-wall-header-3000-series-100-x-100-ts-0772.pdf","http://multimedia.3m.com/mws/media/22448O/3m-four-wall-header-3000-series-100-x-100-ts-0772.pdf","","","","Header","","Gold","Tin","","30µin (0.76µm)","200µin (5.08µm)","0.240" (6.10mm)","0.112" (2.84mm)","Copper Alloy","","","Square","Male Pin","","","","","","","","","1.75A","","","","","","","","","","","","","","Latch Lock/Eject Hooks, Long","Keying Slot, Mounting Flange","","","","","","","","","","","","","","","","","","-","","Black","0.340" (8.64mm)","Polycyclohexylenedimethylene Terephthalate (PCT), Polyester, Glass Filled","","","","","3M","","","N3793-5302RB","","","-","","","","","UL94 V-0","","","","","Through Hole, Right Angle","","","","10","All","2","","-55°C ~ 105°C","","","-","","","Bulk","Active","","0.100" (2.54mm)","","","","","","","1=1.86, 10=1.691, 100=1.449, 500=1.2075, 1000=1.035, 5000=0.9177, 10000=0.897 (USD)","","","","","","","","","","RoHS Compliant","","","","0.100" (2.54mm)","","","","Shrouded - 4 Wall","","","2811","","Board to Board or Cable","Digi-Key","","","MHR10N-ND","","","","","Solder","","","","","","","","","","","","","","","","","","","-","","","","","","*","CN?","CONN HEADER 10PS R/A LONG LATCH"
"MHR16N-ND","","","-","","","","","Connectors, Interconnects","","","","","*","http://multimedia.3m.com/mws/media/22448O/3m-four-wall-header-3000-series-100-x-100-ts-0772.pdf","http://multimedia.3m.com/mws/media/22448O/3m-four-wall-header-3000-series-100-x-100-ts-0772.pdf","","","","Header","","Gold","Tin","","30µin (0.76µm)","200µin (5.08µm)","0.240" (6.10mm)","0.112" (2.84mm)","Copper Alloy","","","Square","Male Pin","","","","","","","","","1.75A","","","","","","","","","","","","","","Latch Lock/Eject Hooks, Long","Keying Slot, Mounting Flange","","","","","","","","","","","","","","","","","","-","","Black","0.340" (8.64mm)","Polycyclohexylenedimethylene Terephthalate (PCT), Polyester, Glass Filled","","","","","3M","","","N3408-5302RB","","","-","","","","","UL94 V-0","","","","","Through Hole, Right Angle","","","","16","All","2","","-55°C ~ 105°C","","","-","","","Tray","Active","","0.100" (2.54mm)","","","","","","","1=2.6, 10=2.496, 100=2.08, 500=1.768, 1000=1.508, 5000=1.352 (USD)","","","","","","","","","","RoHS Compliant","","","","0.100" (2.54mm)","","","","Shrouded - 4 Wall","","","1152","","Board to Board or Cable","Digi-Key","","","MHR16N-ND","","","","","Solder","","","","","","","","","","","","","","","","","","","-","","","","","","*","CN?","CONN HEADER 16PS R/A LONG LATCH"
"MSPV10-ND","MSV10-ND","","-","","","","","Connectors, Interconnects","","","","","*","http://multimedia.3m.com/mws/media/22252O/3mtm-100-in-plr-bmskt-100x-100ctrbmp-strt-sldr-tls-ts0413.pdf","http://multimedia.3m.com/mws/media/22252O/3mtm-100-in-plr-bmskt-100x-100ctrbmp-strt-sldr-tls-ts0413.pdf","","","","Receptacle","","Gold","Gold","","12µin (0.30µm)","Flash","","0.110" (2.79mm)","Copper Alloy","","","Square","Female Socket","","","","","","","","","1A","","","","","","","","","","","","","","Push-Pull","Polarizing Key","","","","","","","","","","","","","","","","","","-","","Gray","0.425" (10.80mm)","Polybutylene Terephthalate (PBT), Glass Filled","","","","","3M","","","8510-4500PL","","","-","","","","","UL94 V-0","","","","","Through Hole","","","","10","All","2","","-55°C ~ 105°C","","","","","","Bulk","Active","","0.100" (2.54mm)","","","","","","","1=3.03, 10=2.904, 100=2.42, 500=2.057, 1000=1.7545, 5000=1.573 (USD)","","","","","","","","","","RoHS Compliant","","","","0.100" (2.54mm)","","","","","","","448","","Board to Board or Cable","Digi-Key","","","MSPV10-ND","","","","","Kinked Pin, Solder","","","","","","","","","","","","","","","","","","","1000V","","","","","","*","CN?","CONN SOCKET PCB VERT 10POS .1""
"S10K275E2","S10K275E2","","","","","","","","Circuit Protection","","","","*","http://en.tdk.eu/inf/70/db/var_11/SIOV_Leaded_AdvanceD.pdf","http://en.tdk.eu/inf/70/db/var_11/SIOV_Leaded_AdvanceD.pdf","","","","","","","","","","","","","","","","","","","","","","","","","3.5kA","","","","VARISTOR 430V 3.5KA DISC 10MM","","","","","","","","55J","","","","","","","","","","","","","","","","","","","","","","","","","","","","","","","","EPCOS (TDK)","","","S10K275E2","","","","","","","","","275VAC","350VDC","","Through Hole","1","","","","","","","","","","","Disc 10mm","","Bulk","Active","","","","","","","","","1=0.48, 10=0.4, 100=0.3003, 500=0.22022, 1000=0.17017, 5000=0.14515, 10000=0.13514 (USD)","","","","","","","","","","","RoHS Compliant","","","","","","","","","","24715","","","Digi-Key","","","495-1433-ND","","","","","","","","","","","","","473V","387V","430V","","","","","","","","","","","","","","","*","VAR?","VARISTOR 430V 3.5KA DISC 10MM"
"SCT3060ALGC11","TO-247N","","","","","","","","Discrete Semiconductor Products","","","","*","http://www.rohm.com/web/global/datasheet/SCT3060AL","http://www.rohm.com/web/global/datasheet/SCT3060AL","","","","","","","","","","","","","","","","","","","","39A (Tc)","","","","","","","","","MOSFET NCH 650V 39A TO247N","","","","","","650V","18V","","","","","","-","N-Channel","","","","","","","58nC @ 18V","","","","","","","","","","852pF @ 500V","","","","","","","","","Rohm Semiconductor","","","SCT3060ALGC11","","","","","","","","","","","","Through Hole","","","","","","","","175°C (TJ)","","","","TO-247-3","","Tube","Active","","","","","","","","","1=10.35, 1000=7.1288 (USD)","","","","","78 mOhm @ 13A, 18V","","","","","","RoHS Compliant","","","","","","","","","","319","","","Digi-Key","","TO-247N","SCT3060ALGC11-ND","","","SiCFET (Silicon Carbide)","","","","","","","","","","","","","+22V, -4V","5.6V @ 6.67mA","","","","","","","","","","","","","*","Q?","MOSFET NCH 650V 39A TO247N"
"UCC27511DBV","SOP6","","","","","","","","","","","","*","","","","","","","","","","","","","","","","","","","","","","","","","","","","","","","","","","","","","","","","","","","","","","","","","","","","","","","","","UCC27511","","","","","","","","","","","","","","","","","","","","","","","","","","","","","","","","","","","","","","","","","","","","","","","","","","","","","","","","","","","","","","","","","","","","","","","","","","","","","","","","","","","","","","","","","","","","","","","","","","","","","","","","","","","","","","*","U?",""
"UCC28180DR","SOP127P600X175-8N","","","","","","","","Integrated Circuits (ICs)","","","","UCC28180DR","http://www.ti.com/lit/ds/symlink/ucc28180.pdf","http://www.ti.com/lit/ds/symlink/ucc28180.pdf","","","","","","","","","","","","","","","","","","","","","","","75µA","","","","","","IC PFC CTRLR AVERAGE CURR 8SOIC","","","","","","","","","","","","","","","","","18kHz ~ 250kHz","","","","","","","","","","","","","","","","","","","","","","","Texas Instruments","","","UCC28180DR","","","","","","","","","","","Continuous Conduction (CCM)","Surface Mount","","","","","","","","-40°C ~ 125°C","","","","8-SOIC (0.154", 3.90mm Width)","","Tape & Reel (TR)","Active","","","","","","","","","2500=0.50625 (USD)","","","","","","","","","","","RoHS Compliant","","","","","","","","","","5000","","","Digi-Key","","8-SOIC","296-44502-2-ND","","","","","","","","","","","","","","","","","","","","","","","21V","","","","","","","*","U?","IC PFC CTRLR AVERAGE CURR 8SOIC"
"WA-DT2-101E-ND","WA-DT2-101E-ND","","","","Clip and PC Pin","","","Fans, Thermal Management","","","","","*","http://media.digikey.com/pdf/Data%20Sheets/Ohmite%20PDFs/W_Series.pdf","http://media.digikey.com/pdf/Data%20Sheets/Ohmite%20PDFs/W_Series.pdf","","","","","","","","","","","","","","","","","","","","","","","","","","","","","","","-","","","","","","","","","","","","","","","","","","","","","","0.630" (16.00mm)","","","","","","","","","","","","","1.200" (30.48mm)","","Ohmite","","","WA-DT2-101E","","","","Aluminum","","","Black Anodized","","","","","","","","","","","","","","","","","","","TO-220, TO-247 (Dual)","","Active","","","","","","","","4W @ 40°C","1=4.43, 10=4.311, 25=4.194, 50=3.961, 100=3.728, 250=3.495, 500=3.3785, 1000=3.029 (USD)","","","","","","","","","","RoHS Compliant","","","","","","","Rectangular, Fins","","","","173","","","Digi-Key","","","WA-DT2-101E-ND","","","","","","","6.0°C/W @ 200 LFM","5°C/W","","","","Board Level, Vertical","","","","","","","","","","","","","","","1.710" (43.43mm)","","","*","HT?",""
"WSL2512R0320FEA18","RES2512","","","","","","","","Resistors","","","","*","http://www.vishay.com/docs/31057/wslhigh.pdf","http://www.vishay.com/docs/31057/wslhigh.pdf","","","Metal Element","","","","","","","","","","","","","","","","","","","","","","","","","","RES SMD 0.032 OHM 1% 2W 2512","","","","","","","","","","-","","Automotive AEC-Q200, Current Sense, Moisture Resistant, Pulse Withstanding","","","","","","","","","","0.035" (0.89mm)","","","","","","","","","","","","","","","","","","Vishay Dale","","","WSL2512R0320FEA18","","","","","","","","","","","","","","","","","","","2","-65°C ~ 170°C","","","","2512 (6432 Metric)","","Cut Tape (CT)","Active","","","","","","2W","","","1=1.69, 10=1.5, 25=1.3796, 50=1.2584, 100=1.089, 250=0.9196, 500=0.7744, 1000=0.64372 (USD)","","","","","","","0.032","","","","RoHS Compliant","","","","","","","","0.250" L x 0.125" W (6.35mm x 3.18mm)","","4983","","","Digi-Key","","2512","WSLH-.032CT-ND","","","","±75ppm/°C","","","","","","±1%","","","","","","","","","","","","","","","","","","","","*","R?","RES SMD 0.032 OHM 1% 2W 2512"
"Wire","Current Sense Wire","","","","","","","","","","","","*","","","","","","","","","","","","","","","","","","","","","","","","","","","","","","","","","","","","","","","","","","","","","","","","","","","","","","","","","","","","","","","","","","","","","","","","","","","","","","","","","","","","","","","","","","","","","","","","","","","","","","","","","","","","","","","","","","","","","","","","","","","","","","","","","","","","","","","","","","","","","","","","","","","","","","","","","","","","","","","","","","","","","","","*","W?",""
"XFUSMI2986-HO","XFUSMI2986-HO","","","","","","","","","","","","*","","","","","","","","","","","","","","","","","","","","","","","","","","","","","","","","","","","","","","","","","","","","","","","","","","","","","","","","","","","","","","","","","","","","","","","","","","","","","","","","","","","","","","","","","","","","","","","","","","","","","","","","","","","","","","","","","","","","","","","","","","","","","","","","","","","","","","","","","","","","","","","","","","","","","","","","","","","","","","","","","","","","","","","*","L?",""
"XFUSMI2986-VM160","XFUSMI2986-VM-160","","","","","","","","","","","","*","","","","","","","","","","","","","","","","","","","","","","","","","","","","","","","","","","","","","","","","","","","","","","","","","","","","","","","","","","","","","","","","","","","","","","","","","","","","","","","","","","","","","","","","","","","","","","","","","","","","","","","","","","","","","","","","","","","","","","","","","","","","","","","","","","","","","","","","","","","","","","","","","","","","","","","","","","","","","","","","","","","","","","","*","L?",""
"XFUSMI4846-HO","XFUSMI4846-HO","","","","","","","","","","","","*","","","","","","","","","","","","","","","","","","","","","","","","","","","","","","","","","","","","","","","","","","","","","","","","","","","","","","","","","","","","","","","","","","","","","","","","","","","","","","","","","","","","","","","","","","","","","","","","","","","","","","","","","","","","","","","","","","","","","","","","","","","","","","","","","","","","","","","","","","","","","","","","","","","","","","","","","","","","","","","","","","","","","","","*","L?",""
"XFUSMI4846-VM160","XFUSMI4846-VM-160","","","","","","","","","","","","*","","","","","","","","","","","","","","","","","","","","","","","","","","","","","","","","","","","","","","","","","","","","","","","","","","","","","","","","","","","","","","","","","","","","","","","","","","","","","","","","","","","","","","","","","","","","","","","","","","","","","","","","","","","","","","","","","","","","","","","","","","","","","","","","","","","","","","","","","","","","","","","","","","","","","","","","","","","","","","","","","","","","","","","*","*",""
